column_name,raw_total_rows,qmark_count,null_count,total_missing_count,missing_pct,distinct_count
weight,101766,98569,0,98569,96.86,10
medical_specialty,101766,49949,0,49949,49.08,73
payer_code,101766,40256,0,40256,39.56,18
race,101766,2273,0,2273,2.23,6
diag_3,101766,1423,0,1423,1.4,790
diag_2,101766,358,0,358,0.35,749
diag_1,101766,21,0,21,0.02,717
admission_type_id,101766,0,0,0,0.0,8
patient_nbr,101766,0,0,0,0.0,71518
encounter_id,101766,0,0,0,0.0,101766
time_in_hospital,101766,0,0,0,0.0,14
admission_source_id,101766,0,0,0,0.0,17
num_lab_procedures,101766,0,0,0,0.0,118
num_procedures,101766,0,0,0,0.0,7
num_medications,101766,0,0,0,0.0,75
discharge_disposition_id,101766,0,0,0,0.0,26
gender,101766,0,0,0,0.0,3
age,101766,0,0,0,0.0,10
number_inpatient,101766,0,0,0,0.0,21
number_emergency,101766,0,0,0,0.0,33
number_outpatient,101766,0,0,0,0.0,39
number_diagnoses,101766,0,0,0,0.0,16
max_glu_serum,101766,0,0,0,0.0,4
A1Cresult,101766,0,0,0,0.0,4
metformin,101766,0,0,0,0.0,4
repaglinide,101766,0,0,0,0.0,4
nateglinide,101766,0,0,0,0.0,4
chlorpropamide,101766,0,0,0,0.0,4
glimepiride,101766,0,0,0,0.0,4
acetohexamide,101766,0,0,0,0.0,2
glipizide,101766,0,0,0,0.0,4
glyburide,101766,0,0,0,0.0,4
tolbutamide,101766,0,0,0,0.0,2
pioglitazone,101766,0,0,0,0.0,4
rosiglitazone,101766,0,0,0,0.0,4
acarbose,101766,0,0,0,0.0,4
miglitol,101766,0,0,0,0.0,4
troglitazone,101766,0,0,0,0.0,2
tolazamide,101766,0,0,0,0.0,3
examide,101766,0,0,0,0.0,1
citoglipton,101766,0,0,0,0.0,1
insulin,101766,0,0,0,0.0,4
glyburide-metformin,101766,0,0,0,0.0,4
glipizide-metformin,101766,0,0,0,0.0,2
glimepiride-pioglitazone,101766,0,0,0,0.0,2
metformin-rosiglitazone,101766,0,0,0,0.0,2
metformin-pioglitazone,101766,0,0,0,0.0,2
change,101766,0,0,0,0.0,2
diabetesMed,101766,0,0,0,0.0,2
readmitted,101766,0,0,0,0.0,3
