column_name,staging_total_rows,null_count,qmark_count,distinct_count
encounter_id,99340,0,0,99340
patient_nbr,99340,0,0,69987
race,99340,0,0,6
gender,99340,0,0,2
age_bucket,99340,0,0,10
admission_type_id,99340,0,0,8
admission_type_desc,99340,0,0,8
discharge_disposition_id,99340,0,0,21
discharge_disposition_desc,99340,0,0,21
admission_source_id,99340,0,0,17
admission_source_desc,99340,0,0,17
time_in_hospital,99340,0,0,14
medical_specialty,99340,0,0,73
num_lab_procedures,99340,0,0,118
num_procedures,99340,0,0,7
num_medications,99340,0,0,75
number_outpatient,99340,0,0,39
number_emergency,99340,0,0,33
number_inpatient,99340,0,0,21
diag_1,99340,0,0,716
diag_2,99340,0,0,748
diag_3,99340,0,0,787
number_diagnoses,99340,0,0,16
max_glu_serum,99340,0,0,4
a1c_result,99340,0,0,4
metformin,99340,0,0,4
repaglinide,99340,0,0,4
nateglinide,99340,0,0,4
chlorpropamide,99340,0,0,4
glimepiride,99340,0,0,4
acetohexamide,99340,0,0,2
glipizide,99340,0,0,4
glyburide,99340,0,0,4
tolbutamide,99340,0,0,2
pioglitazone,99340,0,0,4
rosiglitazone,99340,0,0,4
acarbose,99340,0,0,4
miglitol,99340,0,0,4
troglitazone,99340,0,0,2
tolazamide,99340,0,0,3
insulin,99340,0,0,4
glyburide_metformin,99340,0,0,4
glipizide_metformin,99340,0,0,2
glimepiride_pioglitazone,99340,0,0,2
metformin_rosiglitazone,99340,0,0,2
metformin_pioglitazone,99340,0,0,2
change,99340,0,0,2
diabetes_med,99340,0,0,2
readmitted,99340,0,0,3
readmitted_30d,99340,0,0,2
